job_title,company_name,location,job_link,job_id,job_description
Head of Product (Crypto Exchange),Revolut,Ireland (Remote),https://www.linkedin.com/jobs/view/3736226364/?eBP=CwEAAAGMPuRTJcsbGFWjtXkDpqkZJ_9VFRV0tVmAxSUhc7I-ecegYS1nJ9ayfmUHr8R4nWInHwe140msr7yng-7Cc1SMD3w3e4UPCXJLtbVFbCLpsFlTO51teNhApUpT8xVfL7T-MPwzj7QYgvqkw6AcCqzRtiN8fafMgPkMuI8uiHrjSX3qOQU1AQtU1mKr2BXNuc3a19pVrOXgSXK1sIZyPbvLuBVtXTOeWlNGAkKA9yq2sQvyCvYNDKJgbCV7hImdq2cYYkZrPJpUzxqcY5zGmZfSZsGc7-R2aCDHn0zekxscAHmEY_elslShj83i9owDAHqgeBRXcnrU9d8KrQ8kQ6ivZZHMsIQaf5uWW6KJIQ3VZnpQeMkDjbn-cACGX0cG6NA&refId=MkK2FgUSYRnBmF3GJGz%2BHg%3D%3D&trackingId=ABLB22MWYD26VW4W0mpilQ%3D%3D&trk=flagship3_search_srp_jobs,3736226364,"About the job
            
 
About RevolutPeople deserve more from their money. More visibility, more control, more freedom. And since 2015, Revolut has been on a mission to deliver just that. With an arsenal of awesoÔªøme products that span spending, saving, travel, transfers, investing, exchanging and more, our super app has helped 35+ million customers get more from their money. And we're not done yet.  As we continue our lightning-fast growth,‚Äå two things are essential to continuing our success: our people and our culture. We've been officially certified as a Great Place to Work‚Ñ¢ in recognition of our outstanding employee experience! So far, we have 7,500+Ôªø people working around the world, from our great offices or remotely, on our mission. And we're looking for more. We want brilliant people that love building great products, love redefining success, and love turning the complexity of a chaotic world into the simplicity of a beautiful solution.About The RoleOn the Revolut rocket ship, there aren't many teams more important than Product. To put it simply: there‚Äôs no lift off without these guys. Frankly, there‚Äôs no rocket. Every one of our award-winning features started here and all our future ones will too üèÜThe team‚Äôs scope is wide, leading on the integration of engineering, data science, operations, and design. But when it comes to our vision of reinventing financial services, they‚Äôre laser focused üî´Product Owners at Revolut hold the helm üö¢ If you join the Dream Team, you‚Äôll have sole responsibility over the roadmap of your product. Total ownership. The people, the profit, the loss, all in your hands. It‚Äôs fast paced. Very much so. But if you can manage all that - and bring with it a bottle full of entrepreneurial passion - then you‚Äôre probably the captain we‚Äôre looking for ‚öìTo find out more about our recent launch of Rev10 and hear from some of the people you will be working with, check out this video!What You‚Äôll Be Doing Completely owning and building our Crypto Exchange product, increasing the number of tokens tradable in the application and providing the tools retail users expect from exchangesSetting your team's goals, success metrics, and roadmap to align with Revolut‚Äôs mission and drive maximum impact based on data analysis, market research, and company strategyWorking with our Core Crypto team to expand and improve our suite of crypto products, including deposits, withdrawals, and staking, making them more accessible for our retail usersWorking closely with Design and UX Research to define the customer journey and create an amazing user experienceLiaising with Engineering to ensure effective delivery of the productCollaborating with other stakeholders, such as Product Marketing, Legal, and Product Strategy
What You'll Need 2-3 years of experience building a crypto exchange platform2+ years of proven success building the core functionality of trading products1+ years of experience in managing people (Product Owners at Revolut directly manage Engineering, Operations, and Design)Experience managing a team of product owners and delivering successful products from 0-1A STEM backgroundOutstanding verbal and written communication skillsAn eye for great UX/UI and a good understanding of design best practicesAn understanding of technical backend with integrations and APIsHigh analytical acumen along with strong business sense that guides ROI based prioritisationExperience formulating and driving a focused product vision, owning the narrative with leadership, users, and partnersA bias to action and bootstrapping major projects, never hesitating to roll up your sleeves and be hands onA readiness to provide insight and deliver measurable results for sophisticated products under ambiguous situations in a fast-paced environment
Nice to have Experience in Trading/Quant
Building a global financial super app isn‚Äôt enough. Our Revoluters are a priority, and that‚Äôs why in 2021 we launched our inaugural D&I Framework, designed to help us thrive and grow everyday. We're not just doing this because it's the right thing to do. We‚Äôre doing it because we know that seeking out diverse talent and creating an inclusive workplace is the way to create exceptional, innovative products and services for our customers. That‚Äôs why we encourage applications from people with diverse backgrounds and experiences to join this multicultural, hard-working team.Refer to our Data Privacy Statement for Candidates: https://www.revolut.com/legal/data-privacy-for-candidates for details on our data handling practices during your application."
Head of Product (w/m/d),ASI Reisen,"Tyrol, Austria (Remote)",https://www.linkedin.com/jobs/view/3759081878/?eBP=CwEAAAGMPuRTJdua1Il7s5KLeiZQJZQ7W0bYI-z1cHGA1FIV0rjmtXgjXg5RKYn0q9hHsRACpr6zJKbeUc55J-vPi5vC5Qxxqh_SIhrEL1D35_4_cMqzqWQU77hcxix5pNQZnqVZKZf5AjfDfiANBiLCLoKgxO-jG5hwwMkgVHrBRS_MT9ENfygNNmywTNlw_UxrFNBmyib7ZxiyZwCn_lLyoS7fdzMRSr8yQcDaPFWHxIzls4Kq_K0Jea4WDtIxZ-1M79nAtnlAh1JRLk1b6JtqpqX_gtHfKGjFazufyxoos7RMEPpZG5_N3BhJQj-NMW1fgOys5ZDTuANrIdTqF4IrD6LbgByqJEt9F_2D_G5Rcq4FygoLOjg&refId=MkK2FgUSYRnBmF3GJGz%2BHg%3D%3D&trackingId=LIev5x0S2J6C%2FWFaLG4cyQ%3D%3D&trk=flagship3_search_srp_jobs,3759081878,"About the job
            
 
ASI Reisen ist eine der¬†f√ºhrenden Reiseplattformen f√ºr nachhaltige Aktiv- & Erlebnisreisen¬†weltweit. Seit 1963 stehen wir als¬†Familienunternehmen¬†f√ºr Wertsch√§tzung und Innovation im sanften Tourismus. Trotz unserer bald 60-j√§hrigen Erfahrung leben wir eine¬†dynamische Unternehmenskultur¬†mit Start-up Mentalit√§t. Mit unserem Team von 50 Mitarbeiter:innen im ASI Nest und unseren 300 Guides bieten wir rund¬†4.500 nachhaltige Abenteuerreisen in 100+ L√§ndern¬†an. Hiking, Trekking, Bike, Alpine, Kanu und vieles mehr.Hast Du Lust die¬†Zukunft des Reisens zu gestalten?¬†Abseits von Kreuzfahrtschiffen und All-Inklusiv-Bunkern?¬†Nachhaltig¬†und auf Augenh√∂he mit der lokalen Community? Dann bewirb Dich bei uns. Wir freuen uns auf Dich!J√§hrliches Bruttogehalt je nach Berufserfahrung von mindestens EUR 55.468 bis maximal EUR 96.053.Deine Aufgaben im Detail Du bist Endverantwortlich f√ºr die technische Performance und Weiterentwicklung unserer Plattformen asi-reisen.de und wedesigntrips.comDu f√ºhrst das Tech Team bestehend aus ERP/Web Development, UX & Product OwnernDu unterst√ºtzt dein Team bei der pers√∂nlichen Weiterentwicklung ihrer F√§higkeiten und PerformanceDu verantwortest die kontinuierliche Verbesserung von Prozessen in deinem TeamDu bist das Bindeglied zwischen Gesch√§ftsf√ºhrung & technischer Weiterentwicklung unserer internen & Web SystemenDu monitorst und optimierst die wichtigsten KPIs deines Teams (Ticket-Anzahl, Sprint-Erreichung)Du stellst sicher dass die Kommunikation zu anderen Teams reibungslos l√§uft
Dein Profil Du hast umfangreiche Erfahrungen im Aufbau und in der Skalierung von Online MarketplacesDu hast mindestens 5 Jahre Berufserfahrung als Product Owner oder E-Commerce ManagerDu hast mindestens 5 Jahre Berufserfahrung in der F√ºhrung von TeamsDu bist kommunikativer und durchsetzungsstarker Teamplayer mit sicherem AuftretenDu arbeitest bereits jetzt agil und verwendest agile Projektmanagement-Methoden, wie Scrum, Sprints, CanbanDu hast ein sehr gutes Verst√§ndnis im Tech Bereich, idealerweise in PHP bzw. Symfony, HTML5, CSS3, JS bzw. VueJS & MySQ, C# und .net Du optimierst Prozesse, f√ºr die du verantwortlich bistDu triffst Entscheidungen auf der Basis von DatenDu beh√§ltst auch in stressigen Situationen den √úberblick und kannst sehr gut priorisierenDu verfolgst eine Hands-on Mentalit√§t und genie√üt ein dynamisches ArbeitsumfeldDu h√∂rst zu und gibst konstruktives Feedback an dem deine Mitarbeiter:innen wachsenDu verf√ºgst √ºber sehr gute Deutschkenntnisse in Wort und Schrift und verhandlungssichere Englischkenntnisse
Wir bieten Arbeiten im mehrfach ausgezeichneten ASI Nest oder komplett remoteEin tolles und sympathisches Team mit der gleichen Leidenschaft f√ºr das Reisen wie duModerne Unternehmenskultur mit flacher Hierarchie und der M√∂glichkeit schnell Dinge umzusetzenLeistungsorientierte Entlohnung und ErfolgspartizipationJ√§hrliches Budget f√ºr die Teilnahme an unseren ReisenRegelm√§√üige Teamevents am Abend, Budget f√ºr Ausfl√ºge und Aktivit√§ten in kleineren GruppenH√∂henverstellbare Tische an jedem ArbeitsplatzDuschen zur Sportaus√ºbung auf dem Weg zur/weg von der Arbeit oder in der MittagspauseTischtennis & -fu√üball sowie Mitarbeiter:innengartenKostenlose Parkpl√§tze direkt am Firmengel√§ndeW√∂chentlich Yoga, Massagen, Obstkorb
Suchst Du eine herausfordernde Aufgabe mit Sinn? Werde Teil unseres Teams und gestalte mit uns die Zukunft des Reisemarktes. Abseits von Kreuzfahrtschiffen und All-Inclusive-Clubs, daf√ºr auf Augenh√∂he mit Land und Leuten.Sende Deinen Lebenslauf gerne gleich an¬†jobs@asi.at. Wir freuen uns auf Deine Bewerbung!"
Head of Product - Voluum,Team Internet,"Cracow, Ma≈Çopolskie, Poland (Remote)",https://www.linkedin.com/jobs/view/3728862329/?eBP=CwEAAAGMPuRTJb75lCLGmWYrwoHvFn372FI5c5pD3B-rc4VZTcDJBm3tPLCjSz4DXt3JmMMsfqj4Cp2OOpWof5aRKqWcU99M6hobsuib8mTMcKn85c2w3OLTWumOZlG54Ep9lSvLhzkBVFH-fFWufS9Dpi5qegz_Cho32hlo7yt5jGV_MtRLXit25JgB1yxFCKct9wtEw6f2tMsQ2JepRtl7vzkrebtYz1tdIyHk2wv3wMAbmtgcgEkTxKxvlBYgYJ26OttVrT7cBeTiEM9hMKsa8ge5J3zt8LAatVrD83UHJLGm6BW4HtcUJapaCCRF11RcKLH8jlobXkNutgc4foGsLizEWDBYXaJXlk27jPPwZU5gUSmSgAiP32vt_cqurtr9h4M&refId=MkK2FgUSYRnBmF3GJGz%2BHg%3D%3D&trackingId=sYEJUEip3d8L3mqVJNBeiw%3D%3D&trk=flagship3_search_srp_jobs,3728862329,"About the job
            
 
Department: ProductEmployment Type: Full TimeLocation:  Krak√≥w, PolandReporting To: Pawe≈Ç KrajewskiCompensation: z≈Ç20,000 - z≈Ç25,000 / monthDescriptionAbout the role: Head of Product, VoluumCommerce Media Tech is seeking an experienced and strategic-minded Head of Product to join our dynamic team - Voluum. In this pivotal role, you will play a crucial part in defining and executing our product strategy for Voluum, leading and mentoring a team of product managers to better meet the evolving needs of our customers. It is the highest product role in Voluum.If you are a strategic thinker with a passion for leading product teams and shaping the future of advertising technology, we want to hear from you. Join us at Commerce Media Tech as our Head of Product and help us drive innovation, create value for our customers, and shape the future of digital advertising. Apply now to be part of our exciting journey!This position offers full remote work.About Company:Commerce Media Tech is a leading global provider of advertising technology solutions. Our flagship product, Voluum, is a cutting-edge advertising tracking and management platform trusted by top marketers and agencies worldwide. With a strong commitment to innovation and a customer-centric approach, Commerce Media Tech is at the forefront of the digital advertising industry, empowering businesses to optimize their marketing efforts.In November 2020, Commerce Media Tech was acquired by CentralNic Group (now Team Internet). Team Internet is a global company listed on the London Stock Exchange. Team Internet is an organization and corporation serving millions of web customers around the globe.Key Responsibilities Product Strategy: develop and articulate a clear and compelling product vision and strategy for Voluum, aligning it with Commerce Media Tech's overall direction. Team Leadership: lead, mentor, and inspire a team of product managers, fostering a culture of user-centricity, collaboration, and continuous improvement (currently you would work directly with three PMs, two designers and one researcher). Execution: drive the successful execution of the product roadmap, ensuring the timely delivery of high-quality value for our customers. Market Research: stay abreast of industry trends, competitive landscape, and customer feedback to identify opportunities for product improvements and innovation. Customer Focus: develop a deep understanding of customer needs and pain points, working closely with cross-functional teams to prioritize and deliver solutions that provide exceptional value. Cross-Functional Collaboration: collaborate with engineering, design, marketing, and other departments to ensure alignment and successful product launches. Product Analytics: define and track key product metrics to measure the success of product initiatives and iterate based on data-driven insights. 
Skills, Knowledge and ExpertiseRequirements: Proven Experience: at least 4 years of experience in product management, with a minimum of 1 year in a leadership role (huge plus if it‚Äôs within the SaaS or advertising technology industry). Strategic Thinker: strong strategic thinking and problem-solving skills, with a track record of shaping and executing product strategy that drive business growth. Team Leadership: demonstrated ability to lead, coach, and develop high-performing product teams. Customer-Centric: a deep commitment to understanding customer needs and delivering exceptional user experiences. Excellent Communication: exceptional communication skills, both written and verbal, with the ability to influence and inspire cross-functional teams. Doing what it takes: not being afraid to work side-by-side with Product Managers and their team to help them improve critical pieces of process or software. 
Nice to Have: Experience in Advertising Technology: familiarity with the digital advertising ecosystem, ad tracking, and campaign optimization tools. 
Benefits Understanding of performance marketing and affiliate marketingTotal compensation package comprised of base salary and variable pay (cash bonus and share options)Flexible working hoursTraining budget and pool of training daysOn-line training platform for everyonePrivate healthcareLife insuranceSport cardGame roomBirthday day offNAIS (benefit cafeteria with monthly bonuses)Additional 3 days off"
Senior Product Owner,ARRISE powering Pragmatic Play,European Union (Remote),https://www.linkedin.com/jobs/view/3721306074/?eBP=CwEAAAGMPuRTJYrl4t6LF-PjnDACs3OUXuz8YdeRdiQNNtmBcwqEAR6xDN-p9_MF9Xqn_YmpmDTx3EAlsTPT63kLygs3tRvILSbExVFINii9VVLxqBzJn2MJSel70XA8vvLWoMkw1AuvSzq_eOZMddxJ54e3vDxY1Ilfr1SZ-aXLvRenAaHpa2GBs1kjVlOX8WspmGAsnVneRgXArK7pJGAUnFDiLFw0ted9-v6lsXQLyA1lKboDTnVRDwyWuXAzFxp_oQjFoJxJ2efwqiaXZn-UXSH098qAjvyCcVe7FLWnzdiIDKgDGg7XidnMv7TKwaYi1w0--BM8sPMXp1NwailEBHagaC5qrDeFASBC1Dsou8Kfvg5Mx3hXpYDa0WGkWKW73VM&refId=MkK2FgUSYRnBmF3GJGz%2BHg%3D%3D&trackingId=P9jInUe930zbF6GMe%2F%2FKbQ%3D%3D&trk=flagship3_search_srp_jobs,3721306074,"About the job
            
 
DescriptionAbout us:Pragmatic Play is a leading game developer providing player-favourites to the most successful global brands in the iGaming industry.Powering up new possibilities of play through one single API, Pragmatic Play offers a multi-product portfolio of award-winning slots, live casino, bingo, virtual sports, sportsbook and more, available in all major regulated markets, languages and currencies.Driven by a persistence to craft immersive experiences and responsible thrills, Pragmatic Play's global team consistently deliver best-in-class services with a dedication to create games that players love time and time again.Responsibilities: Produce successful Live Casino products for mobile, tablet and desktop and other platforms in Agile environment;Compose detailed and clear written specifications for new products and features;Define and communicate product vision together with teams of Developers, Designers, Testers, Studio team and other stakeholders;Work closely with Business Intelligence;Coordinate game production, setting daily, short-term and long-term goals and ensure game production proceeds according to schedule;Resolve product development issues, prioritizing product features;Support the Marketing, Business development and Account Management departments in their efforts to ensure revenue and customer satisfaction goals are met;Ensure new products and features are evaluated for usability and performance, employing focus group testing when necessary analyses trends in the gaming market and researching the market: products, customers, competitors, trends.
Requirements: At least 5 years of experience as a Product Owner with software development teams;Understanding of software development process;Excellent analytical skills;Ability to work with both established and newly formed teams, challenging and supporting them to continuously improve;Good remote work skills;Good record of driving and creating the product concepts and building outstanding solid solutions together with your teams;Able to work in fast moving, high pressure environment while maintaining accuracy and attention to detail;Excellent communication and interpersonal skills;Degree level or higher education;Fluent in English.
Other attributes we welcome: Experience in game development and /or online gaming;Previous experience in game design;Have a knowledge of casino games and game mathematics;Experience with online casino game marketing and promotions;Knowledge of regulatory compliance for gambling products."
CPO-B2C- Remoto 100%,Michael Page,"Madrid, Community of Madrid, Spain (Remote)",https://www.linkedin.com/jobs/view/3748364702/?eBP=JOB_SEARCH_ORGANIC&refId=MkK2FgUSYRnBmF3GJGz%2BHg%3D%3D&trackingId=9xx7CBv8AQJCGBMu%2B1fucw%3D%3D&trk=flagship3_search_srp_jobs,3748364702,"About the job
            
 
Proyecto ambicioso|Start up en pleno crecimiento
About Our ClientStart up con producto innovador en el mercado relacionado con los medios de comunicaci√≥nJob Description  Analisiis y mejora del producto con un claro foco en el consumidor Dise√±ar ideas para aumentar ventas Transformar las necesidades de negocio en realidades y trasmitirlas al equipo tecnol√≥gicoInnovaci√≥n en la visi√≥n y objetivo de la empresa Ideaci√≥n y conceptualizaci√≥n de proyectos compatibles con el departamento IT.
The Successful Applicant M√≠nimo 4 a√±os como CPOExperiencia B2CConocimiento 360 del ciclo de producto
What's On OfferSalarioRemoto 100%Posibilidad de stock optionsContact: Marian RomeroQuote job ref: JN-102023-6226387"
Head of Product (f/d/m),Kooku Recruiting GmbH - Interim Recruiting & Recruiting on Demand,Germany (Remote),https://www.linkedin.com/jobs/view/3774497203/?eBP=CwEAAAGMPuRTJZUD0hoUfPEH3-ur-4na6DaC1l6HImVLh-Byhd7J48kHz8wkCZDAaeEzK04WoOQkeymkzbgFcS08_ZlZCsy_my943NGWKvIGqNFatJ8240H6eiR9lBckj4CnFJPEUWcrCNzzhU48hl8an4JuVnYd8imfn8ymC-UccSrt0TvXdXy2TYG4sKpP89QGsSZps4Ls77XXjVGh6w1KwsBo1dRgTo6MA-lFd4_Isx4SGgb6lb15QoA5heOM7W3u3w7rzwi0Z-wJh1CDbqsShFrEhIxHMD5vbbWwVLPyXYwPJ7naDeUtqx87QGCWlBwKZAEbwADo93pvjRdKT4-QuBdzGaBclS4DNLDNObE-2Aq_QO5LiFHdzyXPy3idr68dgDM&refId=MkK2FgUSYRnBmF3GJGz%2BHg%3D%3D&trackingId=9xah%2Buf3JAfQ%2Biybsfpzeg%3D%3D&trk=flagship3_search_srp_jobs,3774497203,"About the job
            
 
About our Client :Our client is a German Software Company. They are a team of developers, digitalization experts and data nerds from all over Europe who develop complex software projects.They are now looking for a Head of Product (f/d/m) to work at the intersection of product, marketing, and sales to drive one of their most successful products forward. The Head of Product (f/d/m) will lead a team of currently 6 employees across product and requirements management, marketing, and sales and will work closely with their founder and Managing Director. Further healthy growth of the team is planned for 2024.Your Role: Define and drive the product strategy in close partnership with the founder / CTO and the product, marketing, and sales teams.With your understanding of software development, you create a concise, effective, authentic product message that ensures a unique product positioning.Deriving an ambitious but also realistic product roadmap, which you actively pursue, implement and monitor using jointly defined KPIs.Responsible for effective marketing campaigns, you use market analyses, UX tests and the evaluation of customer feedback to improve the product continuously.Involved in new business processes with national and international clients.
Who you are:  You have in-depth experience shipping products that users love. You are an excellent communicator: able to rally a team around a goal, and effectively drive decisions where people might disagree.You are comfortable using qualitative data (e.g. user feedback) and quantitative data (e.g. metrics, analytics) to make decisions.You are motivated to grow and operate with autonomy in an often-unpredictable, tech environment.You have management experience but are still hands-on. You are a passionate product nerd with an exceptional understanding of technology ‚Äî you develop what the customer really needs ‚Äî and not what they think they need.You stand for unconventional approaches and excellence ‚Äî with a fresh mindset and great communication skills.
Specifications:  10+ years of product management experience and demonstrated ability in a product manager role.An entrepreneurial / self-starter mindset who first and foremost knows how to get work done.Deep analytical, prioritization, and problem-solving skills.Excellent knowledge of software development lifecycles, processes, and methodologies. Clear and compelling in written and spoken communication in German and in English (business fluent). 
What our client offers:  100% remote work possible and flexible working time model.A diverse team of experts and a lot of creative freedom in a responsible role.A competitive salary with profit sharing.A company car is possible if desired.Continuous salary increases depending on success.
If you feel inspired and would like to take on a new challenge with our client, please feel free to apply for this job.#headofproduct #product #leadership #marketing #sales"
Head of Slots Product,Huuuge Games,Poland (Remote),https://www.linkedin.com/jobs/view/3713712362/?eBP=CwEAAAGMPuRTJV1r1oF73ls_FKs0xNZYtGEYLBChyjQeeROr_a4quTfJMz-dDyErQ8AAe4RsHEj3VzQkWPtO7elRvjza9mSiUoPi9s6EzOEAbH4Ud8Mqab4r_ilXQAbynpi4GBJQcgGtMRS3wlYUtrSH-3frgDmPIK9WvadPelltJsHWYGW9ryxmSHvIC_KxFAzRPo1f348n1pzwWwzFqf9JsoIFt85mnY1Bl84H4-i43KLkIG5vyCEe4VV4yxgnoFRGTqwi6hGLJahxt3LgkydbhiPAmwHGaXcORkHTQgbEKiGVj0kX547Ycki5_QG_M1Y2dzMK-EsoRhtFybOs0Et3jhh722YnI_aZ52AZ46aUo047aTltWoSo03aQxRvN38w9XTI&refId=MkK2FgUSYRnBmF3GJGz%2BHg%3D%3D&trackingId=E2MLkYOIzA4GGPCOoS%2F0ww%3D%3D&trk=flagship3_search_srp_jobs,3713712362,"About the job
            
 
IntroductionStill haven‚Äôt found your dream job? Join team Huuuge!!Huuuge Games is a gaming company on a mission to build the world‚Äôs largest real-time casual gaming platform connecting millions of players so that they can have fun, socialize & play awesome games.Join Team Huuuge and become a part of an exciting adventure bringing pure fun & truly social experience to millions of players across the universe.As the Head of Slots Product, you will be at the forefront of crafting immersive gameplay experiences for our social casino slots. You will lead a team of passionate game designers, collaborating with artists, developers, and business stakeholders to create slots that captivate players and drive engagement.Responsibilities: Lead a team of game designers (math, audio, art, producers) to develop compelling gameplay mechanics, features, and systems for our social casino slots.Drive the conceptualization and design of game mechanics, user interfaces, levels, and progression systems to ensure an enjoyable and rewarding player experience.Collaborate with cross-functional teams, including artists, programmers, and producers, to bring game concepts to life.Participate in brainstorming sessions and contribute innovative ideas to enhance game features, monetization strategies, and player engagement.Analyze player feedback, metrics, and industry trends to iterate on game design, optimizing gameplay mechanics and features.Maintain a deep understanding of the social casino games market and competitors, identifying opportunities for differentiation and innovation.Take ownership of the game production process from concept to delivery, ensuring timely execution and adherence to project timelines.Possess excellent market and product knowledge with a deep understanding of our products and player base to tailor game development accordingly.Contribute to the continuous improvement of the game development process and adopt Agile/Scrum methodologies.
Requirements: 3+ years of experience in game design, with a demonstrated track record of contributing to successful online social casino games with slot preferenceProven experience in leading a team of game designers, providing mentorship and fostering a collaborative environment.Understanding of player psychology, engagement strategies, and monetization mechanics within the social casino games industry.Excellent communication skills to effectively collaborate with cross-functional teams and present design concepts.A passion for gaming, staying up-to-date with industry trends, and a desire to push the boundaries of game designAn appreciation for mathematics and art and how they both influence game design.An impressive portfolio of slot games they taken to market with a large audience.A passion for casino and slot games, coupled with a keen eye for innovative gameplay mechanics.Familiarity with Agile/Scrum methodologies is a plus, though not essential."
Senior Product Owner (all genders),P≈∏UR | Tele Columbus,Germany (Remote),https://www.linkedin.com/jobs/view/3744872668/?eBP=CwEAAAGMPuRTJXRhmcXWXaz_2xWYKAlOXJSLwkU0AEyDK3oYCOEICGnJBA7eR-JSKP_ZSE3AGJZLOq8wL9tM9tt1BhNOqj9m9P8qOGzzr0pFjydKVqdluvMj8w7N7v4C7HJKV4U4qbKpObcXtKmKQTzdgs0VgBmzxhc7N6z0He0KRteXnX0RerSbvDMPvQyvqiHcmB9FlXuHdQTnMN_6RxqcC6JrtesBOPB9pzKjnTSkgPZ4NooASNX8X7ujt7jXRBs_091xIjPF1uo4rBlZz7CWeal4-Sd_deaA2l_jLGP8XTZAECpfFNtR5V6dhVv5h3yu1XcsvFWvScuFSzPtZLNoj_rizHVlC6RjP3MmO4k67WKAAk6YZuz01jDQgOKGBfDO&refId=MkK2FgUSYRnBmF3GJGz%2BHg%3D%3D&trackingId=5LQG4DffG6AOZuYkIPJuFQ%3D%3D&trk=flagship3_search_srp_jobs,3744872668,"About the job
            
 
√úber Tele Columbus AGWir sind einer der f√ºhrenden Glasfasernetzbetreiber in Deutschland mit mehr als drei Millionen angeschlossenen Haushalten. Unter unserer Marke bieten wir Highspeed-Internet, Telefon und klassisches Fernsehen an. Als Partner der Wohnungswirtschaft sind wir regional verwurzelt und treiben den glasfaserbasierten Infrastruktur- und Breitbandausbau in Deutschland ma√ügeblich voran.Wir suchen zum n√§chstm√∂glichen Zeitpunkt f√ºr unsere Standorte Berlin, Leipzig oder remote (in Deutschland) Verst√§rkung f√ºr unser Team eine:n Senior Product Owner (all genders)Was erwartet dich? Vorantreiben des Anforderungs- und Stakeholdermanagements f√ºr die zu verantworteten SoftwarekomponentenAnalyse der Business Anforderungen sowie Erkennen und Definieren der daraus resultierenden technischen ProduktanforderungenKommunikation der Stakeholderanforderungen an die Product-TeamsPriorisierung der Anforderungen in Abstimmung mit anderen POs anhand der Unternehmenspriorit√§tetenErstellung von Epics und Stories in enger Zusammenarbeit mit dem Product-Team, den Architekt:innen und Stakeholder:innenKommunikation der zeitlichen Implikationen auf die Unternehmensroadmap an Management und Stakeholder:innenTreiben der Agilisierung mit fundierten Fachwissen und F√§higkeiten; Sichtbarmachen von Fortschritten und Projekterfolgen anhand von KPIs und ROI
Was solltest du mitbringen? Abgeschlossenes Studium der Wirtschaftsinformatik / Informatik oder vergleichsbare Berufsausbildung oder relevante Erfahrung im agilen Projektmanagement f√ºr SoftwareentwicklungZertifizierter Scrum Product Owner mit relevanter Erfahrung im Arbeiten im agilen Set UpTiefgreifende Kenntnisse des Scaled Agile Frameworks sowie Erfahrung mit der Leitung mehrerer Product TeamsSehr gute Kenntnisse von Jira und Confluence oder √§hnlichen ToolsVerhandlungssichere Deutsch und Englisch Kenntnisse
Was bieten wir dir? Unterst√ºtzung - Individuelle F√∂rderung und Weiterentwicklung der Mitarbeitenden in der P≈∏UR-Trainings-AkademieLeistung - Diverse finanzielle Nebenleistungen wie bspw. Kita-Zuschuss, betriebliche Altersvorsorge, Fahrtkostenzuschuss, Kontof√ºhrungsgeb√ºhrCorporate Benefits - Rabatte f√ºr unsere Mitarbeitenden bei namhaften Unternehmen √ºber Vorteilsportale mit attraktiven Angeboten von starken Partnern, Marken und ProduktenMehrwert - Mobile Work-Modelle / Home-Office Optionen, Gleitzeit-, Flex- und/oder Teilzeitregelungen sowie 30 UrlaubstageMobilit√§t - Dienstrad/eBike, gute √ñPNV-AnbindungVerantwortung - Betriebliche Sportangebote, Gesundheitspr√§vention und hohes Bewusstsein f√ºr Priorisierung von Nachhaltigkeitsthemen, wie KlimaschutzAtmosph√§re - Teamspirit und ein offenes Umfeld, um Ideen, Potentiale und St√§rken gewinnbringend einzubringen, interne Duz-Kultur
Alle Menschen sind bei uns willkommen ‚Äì egal, welchen Alters, Geschlechts, welcher sexuellen Orientierung, Herkunft, Religion, Weltanschauung, ob mit oder ohne Behinderung ‚Äì Hauptsache ist, wir passen zueinander! 1.250 Mitarbeiter:innen10 Standorte in Deutschland25 Jahre Erfolgsgeschichte
Gehe mit uns in Turbospeed Deine weiteren beruflichen Schritte.Du hast noch Fragen? Deine Ansprechperson hat die Antworten und freut sich auf Deine Nachricht.Du m√∂chtest Dich direkt bewerben? Bitte nutze daf√ºr unser Online-Formular."
Domain Owner (Head of Product) - Web Experience,METRO.digital,Romania (Remote),https://www.linkedin.com/jobs/view/3755475139/?eBP=CwEAAAGMPuRTJb18KgAlGj96cT2GIJgiAi9C4C7ZXGRuFqhy0cGkEMCmWFQb3PzYrsNA2RJWQqKss6Il7M1romZnq77fR7pQWyKsE3ikWh5XA95vM9jUPQK_N83Wein2MzC2H5-oIfQVr6xSGdJUwrWK1-R8NT0klK7JadzuI88lZeSLZErIuvDwDkgKr55Y8-b8mD2ETgo8W66iwyvs9n7nFwSFZ-tZKclnwnPS_eMB1uK8TUw9D19CKmiwKy5pJyZChd52SSZ0k63pfjDBXjkqOuvQVKsMp6t5w0HOgXgnj4Q0ph9iRj3Dj1I7h98enqYqx-zIH_KGRm9KyQBccbsK1XHnY48dm0vtzthgmnxunu4AThqqIH92zJLwBrPAMXvhX40&refId=MkK2FgUSYRnBmF3GJGz%2BHg%3D%3D&trackingId=eRWAqqDv3mQml3IA3lUi2w%3D%3D&trk=flagship3_search_srp_jobs,3755475139,"About the job
            
 
About us: Passion for food. Hunger for tech. We make METRO digital.Today technology is driving the world. And at METRO.digital we are driving the technology for one of the leading international wholesalers specializing in food - METRO. From e-commerce to checkout, to delivery software, we work on a wide range of products to make each day a success for our customers and colleagues. With passion and ownership, we build the future of wholesale ‚Äì in 20+ countries. You are driving to create smart solutions for customers around the globe? You want to grow in a flexible environment? Let the right career opportunity find you and join us!How you will make an impact? As Domain Owner Web Experience, you will lead essential solutions and services for all the web touchpoints of METRO. Together with your team, you define and drive the strategy for high visibility of the METRO brand and guide customers to the different services and relevant offers leveraging personalized communication.You‚Äôll head a team of Product Managers, Business Process Consultants and Domain Experts, responsible for eight multinational IT solutions in the area of customer.You'll collaborate in a cross-functional environment, engaging with internal engineering teams from different geographic regions, design teams, and external service providers to create customized products for diverse customer segments.Your Responsibilities: Steer and drive relevancy of our communication and offerings to customers in complex, international traffic environments;Partner with Business counterparts and country representatives to evangelize customer- centric development and lead related change processes to the required extent;Foster self-organizational skills in the product and service teams;Act as coach, coordinator, and in conflict situations, as moderator;Create an energizing environment and foster the development of individuals;Engage in active dialogue with stakeholders to communicate the value of and continuously develop domain solutions, report numbers, and explain potentials to grow;Deliver products based on business requirements and customer needs while balancing experimentation and Delivery;Activate domain solutions and strive for simpler structures about the harmonization and decommissioning of old solutions;Responsible for the Domain Budget and transparency on its consumption (efficient steering of resources across all service categories, etc.
Key competencies and qualifications: 10+ years of experience in digital product development environment(s);5+ years of experience in leading teams and developing people;Can-do solid attitude, inspiring personality with eagerness to continuously challenge the status quo to change things for the better;Proven track record in managing uncertainties, transforming (parts of) organizations and steer significant multi-stakeholder initiatives;Profound knowledge of web technology and common trends;Very assertive communication skills in English (written and verbal);Excellent interpersonal, organizational, and technical skills;Strong attention to details and technicalities.
What we offer at METRO.digital? Leave your footprint! Want to make a real difference to an enterprise and change how METRO communicates to millions of customers? This is your opportunity. We want and expect you to help us move faster, deliver better experiences and challenge beaten tracks.Flexible and remote work: create your own schedule! Flexibility defines the way we work and interact with each other. At METRO.digital you have the possibility to work remotely and adapt your working hours in a very flexible way.People development: when you grow so do we! We want you to become the best version of yourself with individual and company-wide programs and trainings for people development. Focused, among other, on development, leadership, appreciation‚Ä¶. it¬¥s time to upskill your career.Support with individual solutions: we are people-caring! Life is full of surprises, full of challenges and we want to support you ‚Äì whenever YOU need - at an individual level and during every stage of your life."
Product Owner,Luxoft,Romania (Remote),https://www.linkedin.com/jobs/view/3777991849/?eBP=CwEAAAGMPuRTJfQ8JZpMgQs_Iaffy_giQzWkO-f8G_1MrFHM4fwmVLq_5A2ien8D-PBjvw4UX2Eu6JMLwnNxMRS4jNBQYEPq_IHbuWUJ8XW-X_A7cHnSJIXXCCfg3lsjnHAnk8g82HWRowGx5tAJIp2SFo_cu89ZsIXAg6AZ01Qrk68eXemOxmtXodv5_jN42gKT49GTyROhoaDsTiA2qjiC5axsIU3m6bnnhq8aeaGiwLvVyO_YNonf2t8dhpyJ90tOFMsXV7UwMpsmlmxugbYbIByMhSd5o8Z-gVNXDaG2vB3St9_sDsKENmP8n4hfbScJiQ8lxIoPOExpUIcVV1FzQcDUReEhTiNIJpiDgwHKLqSv2Lmi2QMuraa7HZb49Zhz6Qk&refId=MkK2FgUSYRnBmF3GJGz%2BHg%3D%3D&trackingId=E0qFo6fzWjYfOtkOOHXPMg%3D%3D&trk=flagship3_search_srp_jobs,3777991849,"About the job
            
 
Project Description:The Product Owner is a key member of the product organization, who will help build the company's highest priority new product from initial functional requirements to launch.The role is responsible for understanding stakeholder requirements and successfully translate them into refined user-stories that will help the engineering team develop quality deliverables in every single sprint. Responsible for managing the product lifecycle and defining the unique value proposition that aligns with our company strategy while distinguishing our product among others. The Product Owner will be working closely with Senior and Principal Product owners within the Company and take their direction for strategy and priority.Responsibilities:‚Ä¢ Provide direction to a development team to facilitate understanding of the business value and priority of tasks.‚Ä¢ Work with Senior and Principal product owners to develop user stories and acceptance criteria.‚Ä¢ Manage the product line technical life cycle.‚Ä¢ Specify requirements in terms of functional requirements and objectives for current and future products.‚Ä¢ Is part of the SCRUM team(s) that develop the product(s), not only defining requirements, but also being accountable for delivery, quality, robustness, and reliability of the product(s). Leads the team through influence.‚Ä¢ Possess an appropriate sense of urgency to guarantee that the product will get to market on the expected/committed date, being able to motivate the team to accomplish the goal.‚Ä¢ Manage the product backlog (grooming, prioritization, and refinement) and work day-to-day with the product teams to clarify requirements and accept final user stories.‚Ä¢ Organize and prioritize bug resolution and day-to-day activities to maintain product(s) in a perfect operational shape.‚Ä¢ Work with marketing, sales, and service on the development of product positioning, demo design, training courses, sales collateral, etc.‚Ä¢ Collaborate with fellow Product Owners and other product team members.Mandatory Skills Description:‚Ä¢ Bachelor's Degree required or equivalent in education and experience.‚Ä¢ 3+ years of experience as a Product Owner with software for mission-critical products, working with Agile methodology (SCRUM). A background in component content management, document management, business process outsourcing and/or SaaS applications is highly desired.‚Ä¢ 6+ years overall IT Experience.‚Ä¢ Proven experience in customer development, product definition, feature scoping, and balancing tradeoffs for industry-leading business software products.‚Ä¢ Some experience with creating/managing/delivering IaaS/SaaS/PaaS/Cloud products is a strong plus.‚Ä¢ Some Project management experience necessary.‚Ä¢ Strong organizational skills: ability to track and prioritize multiple issues.‚Ä¢ Ability to adapt to changing situations and requirements.‚Ä¢ Excellent oral, written communication, and presentation skills required.‚Ä¢ Ability to communicate effectively with engineering teams.‚Ä¢ Must be a strong collaborator, team player, and individual contributor.Nice-to-Have Skills:‚Ä¢ CSPO title;‚Ä¢ IPO (Initial Public Offering) understanding;‚Ä¢ Capital Markets general knowledge.Languages:English: C1 Advanced"
VP of Product (m/f/d) - Remote,Sastrify,"Berlin, Berlin, Germany (Remote)",https://www.linkedin.com/jobs/view/3762575445/?eBP=JOB_SEARCH_ORGANIC&refId=MkK2FgUSYRnBmF3GJGz%2BHg%3D%3D&trackingId=kDnRXbtEwEQI0idXv%2FoNdQ%3D%3D&trk=flagship3_search_srp_jobs,3762575445,"About the job
            
 
We at Sastrify want to make our customers successful by helping them manage their SaaS tools and procure them in a fast and agile way.Sastrify supports Tech, Finance and Procurement teams in buying and renewing SaaS subscriptions so they can focus on what matters while we save their time and money by applying best practices in SaaS buying and using a dedicated procurement team that benefits from a large database of benchmarks.Sastrify recently achieved a significant milestone by securing a Series B funding round of $32 million. With a passion for excellence and a focus on continuous improvement, working at Sastrify is an exciting opportunity to contribute towards making our product even better.Join us on our new adventure to reshape the software-as-a-service industry!As our VP of Product (f/m/d) you will enable companies to do exactly that. This is a high-impact role in which you'll lead our Product Team, work closely with different stakeholders, engineers, designers and users. Therefore we are looking for a strong Head of Product who will drive our product to the next level.You'll be working with Max Messing, our CTO and Co-founderWhat you‚Äôll do as our VP of Product (f/m/d) Foster team development by providing guidance, mentorship, and creating opportunities for growthDefine and communicate the product vision, ensuring alignment with the overall company strategyCultivate and maintain a product culture that values collaboration, continuous learning, innovation, and rapid testingTake ownership of key metrics and demonstrate a proven ability to drive their improvement Strategize and execute product roadmaps, taking into account customer discovery, product discovery, and modern product development processesEffectively manage stakeholders and prioritize requirements to deliver exceptional product outcomes Inspire and motivate the team, ensuring everyone is aligned and working towards shared goals
Requirements Proven experience as a Product Leader for previously scaled start-ups from Series A and beyondExcellent communication and leadership skills, with the ability to influence and inspire cross-functional teamsStrong background in road mapping and stakeholder management, with a track record of delivering successful productsDemonstrated ability to build and empower high-performing teamsPassion for hands-on work, utilizing an execution-focused and data-driven approachExpertise in modern product planning methodologies, customer discovery, and product development processesTrack record of creating a product cultureAdept at driving continuous testing, learning, and innovation, with a willingness to embrace and learn from mistakes. Ability to foster collaboration and mutual respect between designers, engineers, and the product teamPrevious experience in the SaaS industry is a plus, showcasing a deep understanding of its unique challenges and opportunities
Benefits Build strong technical and market expertise in the high-growing SaaS marketFull responsibility from day oneWork with our amazing international team (we have Sastronauts from 30+ different nationalities)Fully remote (you can work from anywhere)30 days of vacationFlexible working hoursLearning budgetState-of-the-art equipment and equipment budgetIn-person GatheringsVirtual team eventsMental health support
The Talent Acquisition Manager for this role is Elena Rudakova. Feel free to reach out to her with any questions!As an equal employment opportunity employer, Sastrify is committed to promoting an inclusive work environment. We want all of our employees to feel valued, appreciated, and free to be who they are at work, regardless of race, colour, ancestry, religion, gender, national origin, sexual orientation, age, citizenship, marital status, disability, gender identity, or veteran status."
Senior Product Owner,Zurich Insurance,Slovakia (Remote),https://www.linkedin.com/jobs/view/3760870051/?eBP=CwEAAAGMPuRTJaW9v2zam0aX19GY1lIt_jBK_NOPMEldHo5LoHq-X29inqrSuv0hXsygRXQKhyQT7asNBVeSPF2AJqhQgJbLOi9NIOnwVpL133bdOS-4wYblUT23fl704QWUc3vSlR_XxoUv5aoT9iPGEJdFGXXb4bthN0PZosrtPJx2kJHsoe6YytaTM6dY8sM746w6PRLtjDcFn7MFV9mWTCli7rNcBO-Up3zuhISIaSy2OESumtER6ZuMM_myE3PL6xPYH7tmHH6f6IWm2VyPfGNopc2nMrT2FxztWNTTPjeutltPP2w55W2E7q-_4DvvTBuJ0QrQg-2PNwgkpK7h1Jb0sEJzTqOoqVMsF3CcEFhKZh84vUKJG_cYMZYI_QhJv9U&refId=MkK2FgUSYRnBmF3GJGz%2BHg%3D%3D&trackingId=ULBaDCck%2B9uoYoFEbpywPg%3D%3D&trk=flagship3_search_srp_jobs,3760870051,"About the job
            
 
Our opportunity  Senior Product Owner ‚Äì Global Digital Platforms ‚Äì Global Digital Payments Are you ready to be at the forefront of digitalization in the insurance industry? Zurich Insurance is seeking a dynamic and innovative individual to join our team as Senior Product Owner for Global Digital Platforms. In this pivotal role, you will collaborate closely with our Business Units and Group functions to drive agile transformation and propel our digitalization efforts forward. Your role As a Senior Product Owner, your main tasks will involve:   Develop and manage the product roadmap for Global Digital Payments, ensuring alignment with business goals and user needs.  Work closely with cross-functional teams, including developers, designers, and stakeholders, to ensure that the product meets business objectives and user needs.  Conduct market and competitive research to identify opportunities and gaps in the digital payment solutions market.  Define and prioritize product features and requirements based on user feedback, market research, and business goals.  Develop user stories, product backlogs, and acceptance criteria for development teams.  Participate in agile ceremonies, including sprint planning, backlog refinement, and sprint reviews.  Monitor and report on the product's performance, including user feedback, adoption rates, and revenue.  Collaborate with marketing and sales teams to develop go-to-market strategies and support product launches.  Own the 5 Ps of the Global Digital Payments solution.  Own the acquisition of Global Digital Payment business unit onboarding 
Your Skills And ExperienceAs a Senior Product Owner your skills and qualifications will ideally include:  Bachelor's or Master's degree in Computer Science, Information Technology, or a related field.  5+ years of experience in product management, preferably in digital payment solutions.  Strong understanding of agile methodologies and product development lifecycles.  Deep understanding of the digital payments industry, digital payment solutions, including payment gateways, mobile payments, and e-wallets.  Strong analytical skills with the ability to gather and interpret data to drive product decisions.  Excellent communication and collaboration skills with cross-functional teams.  Ability to manage multiple projects simultaneously and meet deadlines.  Strong leadership skills with the ability to motivate and influence team members.  Strong business acumen and demonstrated project acquisition experience  Excellent English skills 
 We offer Apart from monthly salary offer starting from 4 600 EUR/gross and a yearly bonus we offer benefits package which includes:Working Time BenefitsPersonal days off, Concentrated work week, Additional vacation, Home office, Extra days off at occasion of childbirth, Sabbatical leave, WorkcationMonetary BenefitsLife insurance from Zurich Austria, Compensation for salary loss during sick leave, 3rd pension pillar contribution, Risk Life Insurance, Meal contribution on top of the legally required minimum, Years of service bonus, Wedding bonus, Baby bonusOther BenefitsEdenred electronic cafeteria, Public Transport contribution, Maternity leave benefits, Company and team events, Free parking at the office building, Massages in the officeLearning/DevelopmentProfessional Certifications, Online Education Portals, Extensive Onboarding program, Strengths based culture (GALLUP)  Location(s): Bratislava  Remote working: Yes (Slovakia based), usually we want to meet you once per week  Schedule: Full-time 
About UsAt our company, we recognize the importance of fostering an open-minded, safe and inclusive environment for everyone. We stand with diversity and respect different backgrounds and lifestyles. That's why we've implemented numerous initiatives to ensure our employees feel comfortable, accepted, and respected at all times."
Product Owner,Luxoft Romania,"Bucharest, Romania (Remote)",https://www.linkedin.com/jobs/view/3778217641/?eBP=CwEAAAGMPuRTJbytM7LCgUezm7sxOY_TF53lXoI21kie-ALyivEqFdO2kt0-t4K0UsFZys29id6UpBwjmHNGJ9G80OayjK_PylXOCDuWBuQq_Q_mSxrxmiN_o1qf0CiuuTKkXHJIyEpvjBfqM5UOo4-_SVgOFGZGC2Wp6ityhd_7-8eI_UiKS0dQYkML1YOckGJqOIRmtmXSImB9Ztu0GQck12DixhDdmiu0eiGIvVSDUjNw-OAZa9dXgHJ09K5CaWLKUIzi85g-lmZbmMM1MQ6v3Rm8XBdUV3ydBXKLhduCybTDm3wsRvqlAJWRQdOCasxAoN-NDvnmL3TaCObTMGXmtKX7EHnSuDT8WYSIveJzzSgag1I-hb8Y9bK3COC0AQ&refId=MkK2FgUSYRnBmF3GJGz%2BHg%3D%3D&trackingId=CkvjKqRPsra4IcCjJsHVnA%3D%3D&trk=flagship3_search_srp_jobs,3778217641,"About the job
            
 
Project Description:The Product Owner is a key member of the product organization, who will help build the company's highest priority new product from initial functional requirements to launch.The role is responsible for understanding stakeholder requirements and successfully translate them into refined user-stories that will help the engineering team develop quality deliverables in every single sprint. Responsible for managing the product lifecycle and defining the unique value proposition that aligns with our company strategy while distinguishing our product among others. The Product Owner will be working closely with Senior and Principal Product owners within the Company and take their direction for strategy and priority.Responsibilities:‚Ä¢ Provide direction to a development team to facilitate understanding of the business value and priority of tasks.‚Ä¢ Work with Senior and Principal product owners to develop user stories and acceptance criteria.‚Ä¢ Manage the product line technical life cycle.‚Ä¢ Specify requirements in terms of functional requirements and objectives for current and future products.‚Ä¢ Is part of the SCRUM team(s) that develop the product(s), not only defining requirements, but also being accountable for delivery, quality, robustness, and reliability of the product(s). Leads the team through influence.‚Ä¢ Possess an appropriate sense of urgency to guarantee that the product will get to market on the expected/committed date, being able to motivate the team to accomplish the goal.‚Ä¢ Manage the product backlog (grooming, prioritization, and refinement) and work day-to-day with the product teams to clarify requirements and accept final user stories.‚Ä¢ Organize and prioritize bug resolution and day-to-day activities to maintain product(s) in a perfect operational shape.‚Ä¢ Work with marketing, sales, and service on the development of product positioning, demo design, training courses, sales collateral, etc.‚Ä¢ Collaborate with fellow Product Owners and other product team members.Mandatory Skills Description:‚Ä¢ Bachelor's Degree required or equivalent in education and experience.‚Ä¢ 3+ years of experience as a Product Owner with software for mission-critical products, working with Agile methodology (SCRUM). A background in component content management, document management, business process outsourcing and/or SaaS applications is highly desired.‚Ä¢ 6+ years overall IT Experience‚Ä¢ Proven experience in customer development, product definition, feature scoping, and balancing tradeoffs for industry-leading business software products‚Ä¢ Some experience with creating/managing/delivering IaaS/SaaS/PaaS/Cloud products is a strong plus.‚Ä¢ Some Project management experience necessary‚Ä¢ Strong organizational skills: ability to track and prioritize multiple issues.‚Ä¢ Ability to adapt to changing situations and requirements.‚Ä¢ Excellent oral, written communication, and presentation skills required.‚Ä¢ Ability to communicate effectively with engineering teams.‚Ä¢ Must be a strong collaborator, team player, and individual contributor."
Senior Product Owner(ka) pre D√°tov√Ω t√≠m,GymBeam,Slovakia (Remote),https://www.linkedin.com/jobs/view/3771891067/?eBP=CwEAAAGMPuRTJRsBVdYjMdtPykjlmP6SJ58X3eJeolBq5gaMJD_cZm8Fx5nP_jhe-eYgHHuzNJrKmPXzK23q4LASRYW5kdlL7jVpQivNuHCYTf0VmQ8STwx747acnTc4CqflJ2WAZpeI8jrZZ_XYtIrnm4Y634jG1oJ5zyxfgo3m-GszCsyA3LkjSqhaAgozsAr0lcrepzmKKaqscDzDh_ZB3z6FepawQ8IDGAgfS8mAPzdV6uin90-a7mQtSS-7qZvxMQDvhP83YuO7dUXFlMNtClhx7mLUHAHwLnit-L9stVzA7jRks6H74NezivPOgAVurcrNNakRKEBE0gvBBUuYxbiEquzfGrl7QbVmRJpcTpw0RE7qOEbl0Oasgy9JXX3NIr0&refId=MkK2FgUSYRnBmF3GJGz%2BHg%3D%3D&trackingId=Iv8R3vF1YaXqRNGDp3KVbA%3D%3D&trk=flagship3_search_srp_jobs,3771891067,"About the job
            
 
Hƒæad√°me talentovan√©ho product ownera(ku), ktor√Ω by chceli rozv√≠ja≈• d√°tov√© rie≈°enia a formova≈• bud√∫cnos≈• najv√§ƒç≈°ej e-commerce platformy pre 160 mili√≥nov nad≈°encov fitnessu v strednej a v√Ωchodnej Eur√≥pe: GymBeam od vzniku rob√≠ v≈°etky rozhodnutia na z√°klade d√°t, ƒço z n√°s spravilo najr√Ωchlej≈°ie rast√∫cu fitness firmu v Eur√≥pe;D√°ta pripravuje 7-ƒçlenn√Ω d√°tov√Ω t√≠m, a chceme aby si v bud√∫cnosti reporty pre svoje rozhodnutia robili kolegovia zo v≈°etk√Ωch oddelen√≠ preva≈æne sami;Bude≈° pri definovan√≠ a budovan√≠ novej architekt√∫ry na≈°ej d√°tovej infra≈°trukt√∫ry a pr√≠prave nov√Ωch dashboardov a reportov pre biznis.
ƒåO BUDE TVOJA PR√ÅCA: Bude≈° s√∫ƒças≈•ou dynamick√©ho t√≠mu, ktor√Ω sa venuje d√°tov√Ωm rie≈°eniam pre cel√∫ firmu;Analyzova≈• pr√≠le≈æitosti, navrhova≈• podobu d√°tov√Ωch rie≈°en√≠, prioritizova≈• po≈æiadavky od stakeholderov, a udr≈æiava≈• roadmapu;Mera≈• dopad nasaden√Ωch rie≈°en√≠, formova≈• hypot√©zy, navrhova≈• a realizova≈• AB testy;Pom√°ha≈• juniornej≈°iemu Product Ownerovi s definovan√≠m a realiz√°ciou po≈æiadaviek;Identifikova≈• a rie≈°i≈• probl√©my s kvalitou, analyzova≈• pr√≠ƒçiny ƒçast√©ho v√Ωskytu bugov.
AKO SI ≈§A PREDSTAVUJEME: Si sk√∫sen√Ω produktov√Ω mana≈æ√©r alebo vlastn√≠k, a viedol si v√Ωvoj softv√©ru alebo d√°tov√Ωch rie≈°en√≠ v ecommerce, SaaS alebo softv√©rovej firme;Bol si zodpovedn√Ω za n√°vrh komplexn√Ωch funkcional√≠t alebo digitaliz√°ciu procesov medzi oddeleniami;M√°≈° v√Ωborn√© analytick√© myslenie a svoje rozhodnutia zaklad√°≈° na d√°tach;M√°≈° sk√∫senosti s BI n√°strojmi pre vizualiz√°ciu d√°t;Vie≈° pochopi≈• potreby biznisu a pretlmoƒçi≈• ich do technick√Ωch po≈æiadaviek pre v√Ωvojov√Ω t√≠m;Dok√°≈æe≈° odprezentova≈• biznisu hodnotu ich d√°t a uk√°za≈• im ako n√°jdu v d√°tach odpovede na svoje ot√°zky.
GYMBEAM TECHNOLOGICK√ù T√çM:  Na IT pracuje okolo 40 ƒæud√≠ v 5 technologick√Ωch t√≠moch;Softv√©rov√Ω v√Ωvoj√°ri, QA in≈æinieri, d√°tov√Ω in≈æinieri, produktov√Ω vlastn√≠ci;Technol√≥gie v d√°tovom t√≠me: Snowflake, Keboola, Python, AWS, GoodData
_________________________________________________________~ Mesaƒçn√° mzda od 2600‚Ç¨ do 3800‚Ç¨ alebo fakt√∫ra od 165‚Ç¨ do 216‚Ç¨ na de≈à (platov√© ohodnotenie na z√°klade zruƒçnost√≠ a sk√∫senost√≠)~ N√°stup ihneƒè~ TPP alebo ≈æivnos≈•~ Pr√°ca na diaƒæku (alebo kancel√°rie v Ko≈°iciach, Bratislave a Prahe)"
"Technical Product Owner, Trilogy (Remote) - $100,000/year USD",Crossover,"Amsterdam, North Holland, Netherlands (Remote)",https://www.linkedin.com/jobs/view/3778778064/?eBP=CwEAAAGMPuRTJsClTH6CxbyDzr1BeEc7TmR7mgnqn8DnPOmT6huGlnseeMRMWjSABvOJUkjtArVsKveCojluckiaOuUz-24krKxtav0_ZpbR6L2_U1GjbbLWTcRPNviJNatUPZfpXWV-lfRms_bceLV1u1Gu63TUeEV1PsgbiYcXk6TlkfnWEbiiGw_hCtW49e0DD9X1gpcl81yxKDVwnpZKTTRyEQCWMGMa42OkQPxTPfvWp9kHhdeKgSv2wi4v_Lt6JMAXnDQIJpG3HNWyFWAeBeuxD9WZihDdnk0yiNfiZrWv0rZN50XB-AvusZy9pvcHBMjMcfW-rQ3mB41wQtve4B2O7rASmbzZV2AMHB9e-iSgw-iprCgzNPzr9Ixb36meLog&refId=MkK2FgUSYRnBmF3GJGz%2BHg%3D%3D&trackingId=w9RWD6T1PBxddRvR%2F1eozQ%3D%3D&trk=flagship3_search_srp_jobs,3778778064,"About the job
            
 
Crossover is the world's #1 source of full-time remote jobs. Our clients offer top-tier pay for top-tier talent. We're recruiting this role for our client, Trilogy. Have you got what it takes?We're looking for an experienced technical product lead to turn high-level goals and milestones into actionable engineering work, for our strategic line of products: Crossover: An AI-powered hiring platform that sifts through millions of applicants per year to find the top 1% of global remote talent. We're breaking down geographical barriers and making high-paying jobs accessible to professionals worldwide, regardless of their location.gt.school: An online education platform that uses advanced data collection, algorithms, and AI-generated content to empower students to learn at their own pace. Our adaptive learning system fills knowledge gaps, accelerates learning, and helps students master a whole grade level on a subject within weeks.Data-driven Sales: This initiative leverages data and AI algorithms to streamline the sales process across a portfolio of over 100 software products. We're transitioning these products to a unified platform based on Salesforce and NetSuite, all while handling complex data imports, synchronization, modeling divergences and data inconsistencies.
What we offer: The opportunity to learn and experiment with using generative AI to boost your productivity.A team of exceptionally talented product people and engineers from around the world as your peers.The chance to work on products that are reshaping industries and making a difference in people's lives.
We're not just using AI as a buzzword. We're at the start of a thrilling journey with generative AI, experimenting and learning to fully leverage its potential and free our product people and engineers from mundane tasks, allowing them to focus on what truly matters: design, decision-making, and understanding the far-reaching implications of different implementation strategies.If you‚Äôre passionate about designing and delivering high-quality software, we'd love to hear from you.What You Will Be Doing Breaking down high-level milestones into requirements, user stories, and acceptance criteriaIterating with our designers to transform use cases and user stories into functional UX/UI prototypesTaking any important technical decisions you feel strongly about (e.g., data model, 3rd-party patterns to use)Reviewing and accepting engineering deliverables, ensuring it meets all of your requirements
What You Won‚Äôt Be Doing Chasing developers to get their work and tasks delivered on timeManaging people or completing HR & administrative tasksPerforming low-level exhaustive quality assurance work
Technical Product Owner Key Responsibilities Create high-quality software releases by leveraging engineering talentEnsure the engineering deliverables snap together well and fully implement the milestoneImagine how users will interact with a product and develop robust use cases
Basic Requirements At least 3 years of hands-on experience working as a software engineer.Knowledge of relational database fundamentals and hands-on experience writing SQL.Experience defining product/technical requirements and peer reviewing/accepting engineering deliverables.An openness to learn to heavily use generative A.I. in your day-to-day work.
Nice-to-have Requirements Experience in using generative A.I. in your day-to-day work (product or development).
About TrilogyHundreds of software businesses run on the Trilogy Business Platform. For three decades, Trilogy has been known for 3 things: Relentlessly seeking top talent, Innovating new technology, and incubating new businesses. Our technological innovation is spearheaded by a passion for simple customer-facing designs. Our incubation of new businesses ranges from entirely new moon-shot ideas to rearchitecting existing projects for today's modern cloud-based stack. Trilogy is a place where you can be surrounded with great people, be proud of doing great work, and grow your career by leaps and bounds.There is so much to cover for this exciting role, and space here is limited. Hit the Apply button if you found this interesting and want to learn more. We look forward to meeting you!Working with CrossoverThis is a full-time (40 hours per week), long-term position. The position is immediately available and requires entering into an independent contractor agreement with Crossover. The compensation level for this role is $50 USD/hour, which equates to $100,000 USD/year assuming 40 hours per week and 50 weeks per year. The payment period is weekly. Consult www.crossover.com/help-and-faqs for more details on this topic.What to expect next: You will receive an email with a link to start your self-paced, online job application.Our hiring platform will guide you through a series of online ‚Äúscreening‚Äù assessments to check for basic job fit, job-related skills, and finally a few real-world job-specific assignments.
Important! If you do not receive an email from us: First, emails may take up to 15 minutes to send, refresh and check again.Second, check your spam and junk folders for an email from Crossover.com, mark as ‚ÄúNot Spam‚Äù since you will receive other emails as well.Third, we will send to whatever email account you indicated on the Apply form - by default, that is the email address you use as your LinkedIn username and it might be different than the one you have already checked.If all else fails, just reset your password by visiting https://www.crossover.com/auth/password-recovery if you already applied using LinkedIn EasyApply.
Crossover Job Code: LJ-4459-NL-Amsterda-TechnicalProdu.014"
Director of Product - Application Platform,PandaDoc,Poland (Remote),https://www.linkedin.com/jobs/view/3738553031/?eBP=CwEAAAGMPuRTJvlPVEbex9AuGXOjmd8i3kmr6PfX7KCtzt0EHvqKcIS0v1WcupEwICGE0mBHSKWGW8GQI5WYDtFcpZBiu0u2FgI4QglKjIl7IPBdOrWJxi4ONq93OF2ujYGYr5nEJ7m0JTr4R53bUj0WGhIEsKTjq_QZyjc1byys111sCzUnPk2RNfMklL_YU3CEKpS3DEDEId7mRZSj3RzV-siFK-gYAkr1QTKUvkM-OpSod_-expO_OrcFQpEgbVJcriUlhuhpw33u2VflX75-TBwJm8w7GBCB7mSOmITEBSS2cYHS1RYX4FO_Y_tk6HJDVcF1sS5eXH-fbwn6qJ06LoZ7EA3ZZXVpTPr5rzV2BGRJG8W3qv9MEcH50Kdw5h3s0FA&refId=MkK2FgUSYRnBmF3GJGz%2BHg%3D%3D&trackingId=C6%2Fd0MXCz3IXmbzAn5qzBg%3D%3D&trk=flagship3_search_srp_jobs,3738553031,"About the job
            
 
In This Role, You Will Own the strategic direction, product planning, and execution for the App Platform TrackUnderstand the needs and challenges of our customers, other tracks, and departmentsBuild a flexible platform, a foundation for our multi-product strategy with seamless and user-friendly UI/UX that is scalable, customizable, and efficientManage all key product metrics, monitor performance, and report on product healthCollaborate with engineering teams to enhance and develop the platform to enable our customers and other tracksFacilitate training for internal teams to ensure product knowledge and understanding across the organizationConduct competitive analysis to stay ahead of market trends and developments
About You 5+ years of experience in Product Management, preferably with a focus on SaaS platforms and enterprise customersStrong technical backgroundDemonstrated experience working with developer personas and managing products catered to this audienceProven track record in creating, launching, and growing productsExcellent communication, leadership, and stakeholder management skillsAbility to work in a fast-paced, dynamic environment and drive change across cross-functional teamsAbility to manage multiple competing priorities simultaneouslyScrum & Agile-based B2B SaaS product management/ownership experienceCan work independently with minimal directionAble to manage multiple, competing priorities simultaneouslyStrong interpersonal and communication skillsFluent English (verbal and written)
Company OverviewPandaDoc empowers more than 50,000 growing organizations to thrive by taking the work out of document workflow. PandaDoc provides an all-in-one document workflow automation platform that helps fast scaling teams accelerate the ability to create, manage, and sign digital documents including proposals, quotes, contracts, and more. For more information, please visit https://www.pandadoc.com.Company CultureWe're known for our work-life balance, kind co-workers, & creative virtual team-bonding events. And although our Pandas are located across the globe, we stay connected with the help of technology and ensure that everyone on our team feels, well, like a team.Pandas work best when they're happy. We retain our talent by upholding our values of integrity & transparency, and selling a product that changes the lives of our customers.Check out our LinkedIn to learn more.Benefits An honest, open culture that emphasizes feedback and promotes professional and personal developmentAn opportunity to work from anywhere ‚Äî our team is distributed worldwide, from Lisbon to Manila, from Florida to California6 self care daysA competitive salaryAnd much more!
PandaDoc is an Equal Opportunity Employer. We are committed to equal treatment of all employees without regard to race, national origin, religion, gender, age, sexual orientation, veteran status, physical or mental disability or other basis protected by law.EXTERNAL RECRUITERSApproval RequirementThe use of external recruiters/staffing agencies requires prior approval from our HR Team. The HR Team at PandaDoc requests that external recruiters/staffing agencies not to contact PandaDoc employees directly in an attempt to present candidates. Complying with this request will be a factor in determining future professional relationships with PandaDoc."
Head of Product - Zeropark,Team Internet,"Cracow, Ma≈Çopolskie, Poland (Remote)",https://www.linkedin.com/jobs/view/3732292970/?eBP=JOB_SEARCH_ORGANIC&refId=MkK2FgUSYRnBmF3GJGz%2BHg%3D%3D&trackingId=AEQ1y6%2BLCCo5%2F25yeSRFKw%3D%3D&trk=flagship3_search_srp_jobs,3732292970,"About the job
            
 
Department: ProductEmployment Type: Full TimeLocation:  Krak√≥w, PolandReporting To: Aleksander FronczekCompensation: z≈Ç20,000 - z≈Ç25,000 / monthDescriptionAbout the role: Head of Product - ZeroparkCommerce Media Tech is seeking an experienced and strategic-minded Head of Product to join our dynamic team - Zeropark. In this pivotal role, you will play a crucial part in defining and executing our product strategy for Zeropark, leading and mentoring a team of product manager, product designer and UX researcher to better meet the evolving needs of our customers. It is the highest product role in Zeropark, so you will also become part of the Zeropark management crew.About Company:Commerce Media Tech is a Krak√≥w based ad-tech company, responsible for creating innovative software for effective online advertising. Together with brilliant software engineers, UX designers, project managers, marketing teams, and many other talented specialists, we provide technology, support, and education to digital marketers looking for new ways to reach their goals.Zeropark, the first of many products owned by Commerce Media Tech, is a self-serve performance marketing platform for brands, agencies, and media buyers. Our services include both incremental advertising and online traffic monetization solutions, as well as cutting-edge technology for programmatic ad serving.Key Responsibilities Product Strategy: develop and articulate a clear and compelling product vision and strategy for Zeropark, aligning it with Commerce Media Tech's overall direction. Team Leadership: lead, mentor, and inspire a team of product people, fostering a culture of user-centricity, collaboration, and continuous improvement (currently you would work directly with one PM, one designer and one researcher). Execution: drive the successful execution of the product roadmap, ensuring the timely delivery of high-quality value for our customers. Market Research: stay abreast of industry trends, competitive landscape, and customer feedback to identify opportunities for product improvements and innovation. Customer Focus: develop a deep understanding of customer needs and pain points, working closely with cross-functional teams to prioritize and deliver solutions that provide exceptional value. Cross-Functional Collaboration: build collaboration process with engineering, design, marketing, and other departments to ensure alignment and successful product launches. Product Analytics: define and track key product metrics to measure the success of product initiatives and iterate based on data-driven insights. 
Requirements Proven Experience: at least 4 years of experience in product management, with a minimum of 1 year in a leadership role ( plus if it‚Äôs within the market advertising technology industry). Strategic Thinker: strong strategic thinking and problem-solving skills, with a track record of shaping and executing product strategy that drive business growth. Team Leadership: demonstrated ability to lead, coach, and develop high-performing product teams. Customer-Centric: a deep commitment to understanding customer needs and delivering exceptional user experiences. Excellent Communication: exceptional communication skills, both written and verbal, with the ability to influence and inspire cross-functional teams. Doing what it takes: not being afraid to work side-by-side with Product Managers and their team to help them improve critical pieces of process or software. 
Nice to Have: Experience in Advertising Technology: familiarity with the digital advertising ecosystem, ad tracking, and campaign optimization tools. 
What we offer Total compensation package comprised of base salary and variable pay (cash bonus and share options)Flexible working hoursTraining budget and pool of training daysOn-line training platform for everyonePrivate healthcareLife insuranceSport cardGame roomBirthday day offNAIS (benefit cafeteria with monthly bonuses)Additional 3 days off"
Product Owner Digitalisierung (m/w/d),operational services GmbH & Co. KG,Germany (Remote),https://www.linkedin.com/jobs/view/3761866977/?eBP=CwEAAAGMPuRTJqq9BA1k2SOjeKrS8tlTWfru8uD7ysUSKT7vq31fePfoOkVlZ85SEmuZpbSvIRn-pa4nasZdoR8EedDtKdl9K7nPYI2WKeoTnJnmUxyDyqFIoIJ9co2p_o92XeiX6c6WwzaH8_xKFw7MqpJegg_xyWaEOcQw8UJFn_grcSbjDbo3KJSCkXwGcAS1cLBFq38hcYGq9ZGTsGFOqglnE6B_hj_3x6RqLgbN0_kUkYtZQsovzrkNJWf5tACb9Ny6x22qZF4kQeNCfP16RvLgkTopKxwJy5zBcjamp2M321eoUCiWRFqRnO0-11VA2cAsDvY3bJ-cyrUzJhBQwKcbpS-V0KHZoQS3GsnnJg124m5l_CErPwZNtRYK9w&refId=MkK2FgUSYRnBmF3GJGz%2BHg%3D%3D&trackingId=7dOkNu%2BeQ6B%2FbjSc4nnBiw%3D%3D&trk=flagship3_search_srp_jobs,3761866977,"About the job
            
 
Als Product Owner gestalten Sie aktiv die Entwicklung und Optimierung unseres internen Tools ILVM (Intelligentes Lieferanten- & Vertragsmanagement) mit. Sie sind der Schl√ºsselansprechpartner f√ºr Gesch√§ftsprozesse und Digitalisierung.Aufgaben: Verantwortung f√ºr die Weiterentwicklung von ILVM in enger Zusammenarbeit mit Stakeholdern und Entwicklerteams.Definition von Produktanforderungen und Steuerung des Projekts von Anfang bis Ende.Fachliche Steuerung von Teams und/oder externen Dienstleistern.Durchf√ºhrung von Workshops zur Prozessoptimierung.Kontinuierliche Marktbeobachtung und Integration neuer Technologien.Enge Zusammenarbeit mit internen und externen Entwicklern sowie Stakeholdern.Koordination von Release-Zyklen und Vermarktung des Tools.
Qualifikation: Abgeschlossenes Studium oder Ausbildung in Informatik, Wirtschaftsinformatik oder vergleichbare Qualifikation.Mehrj√§hrige Erfahrung als Product Owner oder in der Produktentwicklung.Fundierte Kenntnisse im Bereich ServiceNow oder vergleichbaren Plattformen.Prozessanalyse- und optimierungsf√§higkeiten.Erfahrung in der Zusammenarbeit mit Entwicklerteams und im Stakeholder-Management.Konzeptionelle F√§higkeiten und klare Kommunikation.Betriebswirtschaftliche Kenntnisse.Teamf√§higkeit, Kommunikationsst√§rke und Eigeninitiative.Sehr gute Deutsch- & Englischkenntnisse."
Head of Product,Ocho,"County Dublin, Ireland (Remote)",https://www.linkedin.com/jobs/view/3765625443/?eBP=CwEAAAGMPuRTJmJAbtorK6uuE2_NYGlw-4QxhAR9ToAk61Cp3W38Mmt0mqU0zczmvXPwIfvxR40lOr9jNXkmfqCakqKYYWCmu51-sOiv398ZGKrEAKU3KeN8NNVk8Gx-S3qYVj9toY7ifiFLO6avWddEbaLws5h6hvyyK1v1ClWoIhalHdw2BfPM0O5tY1RW33Ki_rg_IBODDAfFNpGR8LHNrQuX08WIp0ulIl2qVrNI36W1A2ENf-ZFC3xpOWxHWfkVwuPCL4sBJqrSNoTzFNnrwFtZLbfZNR42RCz7yezVVbVMKWF-0mCUW5J_ZNVVOKUpPaDDARG1m3KIKEzRjqG3jBo0_-kEV3yBQBaivcmjz_sv8Hf9AZm1_6Kfe2otD0bm5IY&refId=MkK2FgUSYRnBmF3GJGz%2BHg%3D%3D&trackingId=z0zm67fJyUdk2lWYokRBYQ%3D%3D&trk=flagship3_search_srp_jobs,3765625443,"About the job
            
 
Who is the Client?Ocho have partnered exclusively for this role with one of Ireland's leading Finance SaaS organisations who are rapidly scaling. Our client has engineered cutting-edge software solutions for accounting and practice management. Their team comprises top-tier talent, ready to spearhead the industry with an exceptional cloud software offering.Our client genuinely has a world class team who have developeed outstanding software that empowers businesses by allowing them to build their processes around their software platform and accelerate scaling and best practice implementation.What is the Opportunity?As the Head of Product, your role is pivotal in ensuring sustained commercial success and driving product revenue growth. This involves formulating a robust product strategy encompassing our client's accounting software portfolio and relevant partner products, including the identification of new partners aligning with commercial and market needs.What will be your responsibilities?Market Analysis:Conduct comprehensive market sector analysis, covering competitor profiling, win/loss price and pricing reviews, NIHITO visits, customer advisory boards, sentiment analysis, and tracking market trends.Effectively communicate relevant data and conclusions to stakeholders.Internal Communication and Engagement:Proactively engage internal stakeholders, ensuring their active participation in product strategy development and keeping them informed of any changes or issues.Coordinate with product managers and teams in charge of other areas to maintain a unified approach.Roadmap and Release Strategy:Develop and communicate a well-defined product roadmap and release strategy based on market and competitor trends, giving priority to customer requirements.Go-To-Market Activities:Drive GTM activities, encompassing internal positioning, pricing targets, total addressable market analysis, competitor updates, product marketing, and external positioning through various channels.Product Performance and Analysis:Monitor and analyse product pricing, commercial KPIs, discount analysis, market sector P&L, and product line analysis.Document market requirements and establish high-level requirements for the next version of the product.Regular Communication:Provide regular progress updates internally and externally, communicate changes to roadmap plans, and address any internal issues.Key Deliverables & KPIsMarket sector product vision, strategy, targets, and KPIs.12-month product roadmap with clear alignment with strategy and vision.Product pricing, monitoring, and commercial KPIs for market sector product performance.High-level requirements for the next version of the product.GTM plan for the successful launch of products and services to market.Regular communication updates on progress, roadmap plans, and any internal issues.RelationshipsCollaborate closely with engineering teams, commercial managers, other product managers, sales and pre-sales teams, customer services, and partners to ensure a cohesive approach and support across all functions.Skills & KnowledgeClear commercial acumen with a focus on building strategic product revenue.Proficient in product management and commercial ownership.Strong planning, presentation, problem-solving, and analytical skills.Excellent communication and written English skills.Proficient use of Microsoft applications.ExperienceMinimum 2 years leading a product team and 5 years of prior experience in the relevant product area.In-depth knowledge of the accounting market with a strong background in accounting software.This opportunity will be a chance to take your career to the next level using best-in-class technologies. For more information, contact Aaron Somers via LinkedIn or hit the apply button, and they can have a confidential chat about this or any other roles they may have."
Senior Product Owner,Devoteam,"Lisboa, Lisbon, Portugal (Remote)",https://www.linkedin.com/jobs/view/3772657470/?eBP=CwEAAAGMPuRTJgdIWRBzoRoQoC5i0i5XZ6mEBeG9U4W0O4FNqsp7wJgc8X9UxQFLG1Mpf1pYdkFOsghDbc7fKGE_g-YmsIxWKn2z69szxejZpwixPOWyhon5F5vvOTvGAXAGL4DS8dVG8RLF7gXk6z5pxg-ylkYVO_6rG_R2o9b-SeOGFMuLaQiG3OHVcODAeoK9Ad83_LQPDTb4yVXFiFnZER9tE08-Iy8cFW6Pc4oGdvxKXzXHfc5tHxu4ts0QXxH2JuL2XIfp_pTXIqQq24KYYgR-Yk5d7BBtGfgK6aDYAFMuY7O-ykZEkllbq2qMikmcIQgrFOu3-tVkflGQUuF08HRv56XPlFHvdeA4besZSU0gKdG0r7orwgFAHoqdZLk7iKc&refId=MkK2FgUSYRnBmF3GJGz%2BHg%3D%3D&trackingId=lONG0aH%2BifbzDHxQtshNGw%3D%3D&trk=flagship3_search_srp_jobs,3772657470,"About the job
            
 
Company DescriptionAt Devoteam, we believe that technology with strong human values can actively drive change for the better. Discover how Tech for People unlocks the future, creating a positive impact on the people and the world around us. We are a global leading player in Digital Transformation for leading organisations across EMEA, with a revenue of ‚Ç¨1B. We believe in transforming technology to create value for our clients, partners and employees in a world where technology is developed for people. We are proud of the culture we have built together. We are proud of our people at the service of technology. We are proud of our diverse environment. Because we are #TechforPeople. Join our multidisciplinary team of Cloud experts, Designers, Business consultants, Security experts, Engineers, Developers and other extraordinary talents, spread across more than 20 EMEA countries. Become one of our +10.000 tech and business leaders on cloud, data and cyber security. Let‚Äôs fuse creativity with technology together and build innovative solutions that actively change things for the better.  Job Description  Strategizing and presenting ideas to stakeholders.Defining product features according to customer needs.Leading the development process.Acting as the main point of contact between teams and stakeholders.Managing and prioritizing product backlog items.Assisting the scrum/product development team to meet the objectives of each sprint.Adjusting and improving each iteration of the product before release.Keeping customers and stakeholders informed of the status of the product.Create the items in the backlog of the feature team, build the release planning and communicate on the progression.
  Qualifications  Bachelor‚Äôs degree in the IT area or equivalent.Minimum 5 years of experience as Product Owner.Minimum 2 years of experience in agile methodology.Analytical and synthetical mind.Working knowledge of agile methodology, techniques, and frameworks, such as Scrum or Kanban, to deliver solutions.Leadership and management experience.Experience with Agile Scrum, project tasking tools (e.g., JIRA, Asana).Experience working with project tasking tools (e.g., JIRA ).Fluency in English essential."
Product Operations Director,Copado,"Madrid, Community of Madrid, Spain (Remote)",https://www.linkedin.com/jobs/view/3773537782/?eBP=CwEAAAGMPuRTJryKYktgAQIIEfYCgkz4ioLTWi27KKa98qss6pxcQm4mGm9bEvx3Vw013hZSf3thgmFYJdrPIz761Vc8CetlYWCGJAnyu2MfmPr2BRpMtA8TvPxx-x4Mpi0O1ewlLUEGO2wRVSs1Fdv_Tg2PjQXzJOpxawn_bnzH_485j8qB6-Cf2mTznIhvubPZq31Q53qrQOYbWE2oPJD1jmqJO0evdogh8ypfVjWLwsbwrVvAUKs2gpAgeZ9a3AKLzalBvSnKhGDfKQw50giTr5X1yH8aU8m_SHpHeZ0asBlmuAqTW9qQGU7W2hoZetV7AELtRISd5nICDQXSikXehhvPWmmo2RuJ5y-Ykj_VsueT7xVbqrlJJs5Yp5C3dIPRxlG6Lw&refId=MkK2FgUSYRnBmF3GJGz%2BHg%3D%3D&trackingId=j27rJhyyJm8fPxx97NjYNQ%3D%3D&trk=flagship3_search_srp_jobs,3773537782,"About the job
            
 
About Copado:Copado is the #1 DevOps Platform for Salesforce and the Cloud. We harness the power of native CI/CD and Robotic Testing to drive digital transformation for 1,000+ of the most innovative brands on the planet ‚Äî from Coca-Cola to eBay to Volkswagen. Our low-code platform unites non-technical admins and pro-code developers on the same system and empowers enterprises to scale end-to-end software delivery across multi-cloud environments.The impact on your business? 20X faster releases, 94% fewer production bugs and 46% more Salesforce ROI. The impact on your team? No more late nights, weekend war rooms or stressful release days.Role Overview:As a Product Operations Director at Copado, you'll play a critical role in supporting and optimizing our product management processes. This position focuses on operational efficiency, incorporating customer feedback into product development, and ensuring seamless product lifecycle management.Please note: we can consider applicants who are located in Chicago, Helsinki, Amsterdam or Madrid.What you'll do: Feedback Integration: Collaborate with Sales Engineers, Technical Account Managers, Customer Success Managers, and Professional Services to integrate customer feedback into product improvements.Product Scorecard and KPI Management: Develop, manage, and track key performance indicators for product performancePartner with Product Leadership to ensure top-level department objectives can be measured via department scorecardsTrack programs, projects, funding, and applications & features so that the performance and predictability of the product creation flow can be planned and managed effectively, based on data.Bring enhancements to the usage conventions and functions of Copado Plan to support Product and EngineeringOperationalize Product Planning Communications: Ensure effective communication of product roadmaps, releases, updates, and enablement across teamsProgram Management of Product Rollouts: Coordinate the rollout of new product features and updates, ensuring cross-departmental collaboration and successful execution.
Your Deliverables: Streamlined Product Operations: Establish and refine operational processes to enhance product development and lifecycle management.Effective Communication Channels: Develop robust communication strategies for sharing product updates and roadmaps internally.Operationalize: IDEAS and Roadmap Communications
Copado is Equal Employment Opportunity and Affirmative Action Employers. Qualified applicants will receive consideration for employment without regard to race, color, religion, sex, sexual orientation, gender perception or identity, national origin, age, marital status, protected veteran status, or disability status. Copado does not accept unsolicited headhunter and agency resumes. Copado will not pay any third-party agency or company that does not have a signed agreement with Copado."
Product Owner Sustainability,B2X Care Solutions,European Union (Remote),https://www.linkedin.com/jobs/view/3773508468/?eBP=CwEAAAGMPuRTJrWFgFjYt1LpyJFBHzTtCZbqHbbyiaD0XWhvkXsTavKyZjpdfM8UtU-xy-FNgRPH9FFlRPHdb-UeXnFuHjVYuLcOsOvWXq8pPrjI1HbYy7M0bnbAtn8jSLa5r4WKVW3MeHt2u8BYhfRFvRlnRm1pC2byU4JijlNOTgStW4-1ZVoqSO6CcJg1A57CW8AG_oTj-vpst_YJWtlp4nRXy-ddF9wdFQuJ9QT7oLutf0gp5IT3ReW7ZLuHI_P6y77osHrh7dWZ8B1pmKzzUD5lNjiNlsYSxKZgqjIapQTrLHeREzIsixQKXNxrT1-x4-9wiNU9JdOSdaxrDank0yRn119VCzI9o9hSFAUxiKp7c5F9lwqPGt-4wkojz5tv&refId=MkK2FgUSYRnBmF3GJGz%2BHg%3D%3D&trackingId=witkCjtTM3gMnLnTMccZ5A%3D%3D&trk=flagship3_search_srp_jobs,3773508468,"About the job
            
 
The RoleAs a Product Owner Sustainability, you will play a pivotal role in enriching our value proposition and service offerings by introducing innovative solutions to control and reduce carbon emissions. Your responsibilities will include conducting lifecycle assessments of our products and services, establishing sustainability and carbon management practices within B2X, and collaborating closely with cross-functional teams to drive the design, development, and implementation of sustainable solutions.Key Job Responsibilities Conduct lifecycle assessments of products and services.Represent and establish sustainability and carbon management within B2X.Stay informed about innovations, funding opportunities, and regulations related to sustainability, PCF, etc.Collaborate as a subject matter expert with Sales, IT, and Operations to implement sustainability and carbon solutions.Exchange knowledge and actively network within the industry, participating in CSR events.
The PersonWe are looking for an ambitious individual with the right attitude and work ethic to help us move the business and our sustainability solutions forward. Degree focusing on sustainability (university or comparable qualification in environmental or sustainability management).Experience with sustainability assessment methodologies, particularly Company or Product Carbon Footprints.Experience in developing and implementing group-wide, holistic sustainability strategies is advantageous.Excellent written and spoken English.
What we offer: Home-office-based position and flexible working hours, with frequent travel for team and customer meetings.Versatile responsibilities influencing crucial decisions at the heart of the company.Multicultural operating environment.Open-minded, positive, and motivated atmosphere with flat hierarchies and short decision paths.Independence and responsibility to contribute your talents to a forward-thinking team.
Are you interested? Join us in driving sustainable innovation and make a significant impact on the future with B2X. Apply today to be a part of our dynamic team!Contact: Katarzyna Pawlowska (katarzyna.pawlowska@b2x.com) Human Resources B2X"
Head of Product Engineering,Revolut,Spain (Remote),https://www.linkedin.com/jobs/view/3440830299/?eBP=JOB_SEARCH_ORGANIC&refId=MkK2FgUSYRnBmF3GJGz%2BHg%3D%3D&trackingId=MyUJ8zm%2BZksswjyBnNqwrw%3D%3D&trk=flagship3_search_srp_jobs,3440830299,"About the job
            
 
About RevolutPeople deserve more from their money. More visibility, more control, more freedom. And since 2015, Revolut has been on a mission to deliver just that. With an arsenal of awesoÔªøme products that span spending, saving, travel, transfers, investing, exchanging and more, our super app has helped 35+ million customers get more from their money. And we're not done yet.  As we continue our lightning-fast growth,‚Äå two things are essential to continuing our success: our people and our culture. We've been officially certified as a Great Place to Work‚Ñ¢ in recognition of our outstanding employee experience! So far, we have 7,500+Ôªø people working around the world, from our great offices or remotely, on our mission. And we're looking for more. We want brilliant people that love building great products, love redefining success, and love turning the complexity of a chaotic world into the simplicity of a beautiful solution.About The RoleOur Technology team isn‚Äôt just one of the best in the industry, it‚Äôs one of the best in the world. And we‚Äôre proud of it. It‚Äôs our driving force; our engine üöÄ From building a new banking backend to creating an award-winning app, there‚Äôs nothing (and we mean nothing) our tech team can‚Äôt do.Our Technology team isn‚Äôt here to fix legacy systems ‚Äì it‚Äôs here to build world-class financial products from the ground up. Products that will be used by millions of people around the world (18+ million people, not that we‚Äôre counting) üåéWe‚Äôre looking for a Head of Engineering who knows how to build excellent engineering teams üíéSomeone who can combine providing technical oversight and leadership to major projects with acting as a functional manager. Great communicator and partner, who will enjoy working closely with our Product Owners and Business Heads üëãUp for the challenge? Get in touch üëáWhat You‚Äôll Be Doing Owning the product and solution architecture with a key focus on quality control and code optimisation Influencing best practices, and helping to ensure these are followed across the company Optimising and reviewing the performance of teams, with an aim to increase the quality of engineering as a functional leader Closely involving with our hiring process
What You'll Need Bachelor's Degree (or above) in Computer Science/Maths/Physics/similarExperience building and leading a significant software engineering team(s) within a scaling organisationStrong software architecture skillsHands on experience with JVM languagesExperience building and scaling high achieving engineering teamsBig picture thinking - correctly diagnosing problems and building innovative solutionsExcellent communication and collaboration skills to partner closely with Product Owners and Business Heads
Building a global financial super app isn‚Äôt enough. Our Revoluters are a priority, and that‚Äôs why in 2021 we launched our inaugural D&I Framework, designed to help us thrive and grow everyday. We're not just doing this because it's the right thing to do. We‚Äôre doing it because we know that seeking out diverse talent and creating an inclusive workplace is the way to create exceptional, innovative products and services for our customers. That‚Äôs why we encourage applications from people with diverse backgrounds and experiences to join this multicultural, hard-working team.Refer to our Data Privacy Statement for Candidates: https://www.revolut.com/legal/data-privacy-for-candidates for details on our data handling practices during your application."
Product Owner (Iris Team),Semrush,Czechia (Remote),https://www.linkedin.com/jobs/view/3767390611/?eBP=CwEAAAGMPuRTJptqzhMACQ8j155GjvoOBcanpgdpk6kf3oNxHe5z-f4CXpuzmrw0f7rco95A_58Mf8M4B0lHgGBtTH2wrNE-EiJkB38mwnE4NNnluF7nGlXi817BvvSL44Gj336muf7blexVra2_XekQ3VykAY-yUCctBh5KA2A08LFdCuyfcOKHAHxX3w8oNX4Xj5dkJVuX4ARd1JWwb2bGvFcGM1Ub0_d4ORblS2vH9vkAuBftbhUu1zbaPwoEHzp5n2T9xn-iGzryyj_Ts0M4kjvoiXW_uYq18q0WQy2e5MS4_XekkB0PYU4-ym0sVQJILmToHbY9PnThmbwqkWa97BpisTryncBGX0dXEFU5WETXiZtnCXbvUDSsivke3IDdIrI&refId=MkK2FgUSYRnBmF3GJGz%2BHg%3D%3D&trackingId=2pCztQ7RtJXpNoHgOek55g%3D%3D&trk=flagship3_search_srp_jobs,3767390611,"About the job
            
 
Hi there!This is our role Product Owner for those who know how to build a successful product development strategy, appreciate communication with users, and are ready to conquer the international market together with the team.Tasks in the role Define the product‚Äôs vision, strategy, and roadmap by ensuring that the product supports the company‚Äôs overall strategy and goals. Translating product strategy into detailed requirements and prototypes.Creating a product roadmap for the long term (1-2 years).Formation of product hypotheses, their defense, and verification.Identification, elaboration, and prioritization of requirements from stakeholders.Gain a deep understanding of internal customer experience, identify and fill product gaps, and generate new ideas to improve the internal customer experience.Scope and prioritize the product backlog based on business and customer impact.Definition, monitoring, and analysis of product metrics.Interact with data providers and development teams.Conduct product planning and PBR with the development team. Drive product launches, including working with all relevant stakeholders.Protection and regular synchronization of product strategy with business representatives.Communication of product plans to the company‚Äôs employees. Act as a product evangelist to build awareness and understanding of your product area.
Who we are looking for Experience in a Product Owner or Product Manager role.High-level knowledge of product analytics (and experience in applying it).Experience in solving problems related to public API management and API Gateways.Experience in managing multiple stakeholders and driving company-wide initiatives.Experience in setting objectives for the engineering teams.Ability to listen and hear the other party, to negotiate and build win-win solutions.Excellent communication and presentation skills.Analytical mindset, work experience, and/or desire to work with such a mindset.You have experience working on requirements for public APIs and engineering problems related to public APIs.Experience working on products for connecting internal engineering teams with customer engineers.Engineering background.English proficiency to at least an upper-intermediate level.
They say there are no perfect candidates, but that might well be you, ifYou share our common values:understanding Trust, as we prefer to speak up and be our true selves; Sense of Ownership, as it‚Äôs not worth wasting time on something you don‚Äôt believe in; and enthusiasm for Constant Changes, as we are always looking to make things better.A Bit About The TeamThe Iris Team is responsible for the development of API Gateway, the point of integration of all company public APIs. This team oversees the integration of every Semrush product API into the public SDK used by customers and partners to get Semrush data.As the team responsible for API Gateway, the focus is on everything we do to ensure API is secure, available, and robust. This includes the actions people must take, the processes they must follow, and the technology that supports them throughout the API life cycle.We will try to create all the right conditions for you to work and rest comfortably  It‚Äôs up to you to decide what work format works best for you. You can #wfo, #wfh, or mix both.Flexible working day start.Psychologist consultations.Breakfast, snacks, and coffee at the office.Corporate events.Multi-sport card and compensation for hobby expense (Employee+Family).Unlimited PTO.Hobby benefit.Training, courses, conferences.English and Czech courses.Gifts for employees.
Finally, a Little More About Our CompanyWe‚Äôve been developing our product for 15 years and have been awarded G2's Top 100 Software Products, Global and US Search Awards 2021, Great Place to Work Certification, Deloitte Technology Fast 500 and many more. In March 2021 Semrush went public and started trading on the NYSE with the SEMR ticker.10,000,000+ users in America, Europe, Asia, and Australia have already tried Semrush, and over 1,000 people around the world are working on its development. The Semrush team is constantly growing.Semrush is an equal opportunity employer. We celebrate diversity and are committed to creating an inclusive environment for all employees. We do not discriminate based upon race, religion, creed, color, national origin, sex, pregnancy, sexual orientation, gender identity, gender expression, age, ancestry, physical or mental disability, or medical condition including medical characteristics, genetic identity, marital status, military service, or any other classification protected by applicable local, state or federal laws. All employment decisions are based on business needs, job requirements, merit, and individual qualifications.NataliaResearchernatalia.shmareva@semrush.com"
Product Content Owner - InfoSec & Privacy Expert (m/w/d),DataGuard,Germany (Remote),https://www.linkedin.com/jobs/view/3767456089/?eBP=CwEAAAGMPuRTJpl8XacGzZeNa9tXJc7G7i5_8ubY-dv5RPPvsali8fGRQWqa1QottonNzTogfUjBjlbcGMF4LI8tVvrLLHiFtasrnb79q2QGo0fSAH72pnMgN2pcQUjlkO4QtzvOha6aK9G90HgQ0oGWBbR7J3CjHFgGxgW3PUQQcigfT-Dls-6rgkRsf3LaTaxtxIkkDYtistMgunsxY9zPHIEocYKM4Wl4CRv_pG1j9EtH8sW_6kYBCKzxpcj1yIFyaLKdijcRWP-UriBUVuGOMUfrJPcHoA2Xi7Ams6oPiFXZye4--K2KmihqPmvB4EAWrgevD5xM8A7Bq1coXNgwxt2MfdoDhKtwK1Ze4b0WMau2BlA5HExvuVBKZMXYMYHjiJk&refId=MkK2FgUSYRnBmF3GJGz%2BHg%3D%3D&trackingId=VXhrVCRXTrLP9P2urDTa4w%3D%3D&trk=flagship3_search_srp_jobs,3767456089,"About the job
            
 
IntroDu bist ein erfahrener IT- und Informationssicherheitsexperte mit einer Leidenschaft f√ºr die Erstellung von Inhalten? Du bist bereit, die Rolle eines Content Owners f√ºr Informationssicherheit zu √ºbernehmen? Du m√∂chtest die IT- und Informationssicherheitsinhalte f√ºr unsere Professional Services-Experten, Kunden und Interessenten gestalten? Wenn du mit Ja geantwortet hast, freuen wir uns von dir zu h√∂ren! Bewirb dich jetzt und werde Teil unseres Teams.CompanyWir sind ein schnell wachsendes Technologieunternehmen mit einem klaren Ziel: Wir sch√ºtzen die Menschen hinter den Daten. Mit √ºber 250 Teammitgliedern weltweit und Niederlassungen in M√ºnchen, Berlin, London und Wien helfen wir mehr als 3.000 internationalen Kunden, durch Datenschutz, Informationssicherheit und Compliance Vertrauen aufzubauen, Risiken zu mindern und den Umsatz zu steigern. Dazu kombinieren wir erstklassigen Expertensupport mit unserer selbst entwickelten SaaS-Plattform, um eine effiziente Komplettl√∂sung anzubieten.Responsibilities Du arbeitest mit funktions√ºbergreifenden Teams zusammen, um Inhalte und L√∂sungen f√ºr unseren einzigartigen hybriden Ansatz - Experten + SaaS-L√∂sung - zu entwickelnDeine Rolle umfasst die Recherche (50 %), die Bereitstellung (40 %) sowie die Ver√∂ffentlichung und Monitoring (10 %)Du arbeitest eng mit unseren Datenschutz- und InfoSec-Experten zusammen, um die Einhaltung der PIC-Standards zu gew√§hrleistenDu treibst die Entwicklung von Informationssicherheitsl√∂sungen voran und gibst Stakeholdern eine Richtung vorDu tauschst dich aktiv mit unserem Lead Product Content zur Verbesserung der Inhalte und Optimierung der Produktnutzung ausDu √ºbernimmst Verantwortung f√ºr den Product Lifecycle und schl√§gst eine Br√ºcke zwischen Kunden und Teams, um aktiv f√ºr unsere Inhalte und Produkte werben
Benefits Die Freiheit, das Vertrauen und die Tools, die du ben√∂tigst, um in einem stark werteorientierten Unternehmen das zu tun, was du liebstEin attraktives Gehalt, flexible und auf deine Bed√ºrfnisse angepasste Arbeitszeiten und Benefits f√ºr Gesundheit, Familie und NachhaltigkeitEin zukunftssicherer Job mit professioneller Arbeitsatmosph√§re und der Dynamik eines rasant wachsenden Scale-upsDie M√∂glichkeit, dich in eine Mentoren-Rolle weiterzuentwickeln und junge Talente zu f√∂rdern
Profile  Mehr als 3 Jahre Erfahrung in ISO 9001, ISO 27001, NIS-2, BSI Grundschutz, B3S, SOC2 und TISAX¬ÆÔ∏è, mit einem starken Fokus auf die Entwicklung von Informationssicherheits-Managementsystemen (ISMS) gem√§√ü ISO270012+ Jahre Erfahrung im B2B SaaSAu√üergew√∂hnliche Multitasking-F√§higkeiten zur Verwaltung verschiedener ProjekteFlie√üend in Deutsch und Englisch in Wort und SchriftKundenzentrierte Denkweise und prozessorientiertes Denken.
EIN PAAR LETZTE WORTE. EHRLICH UND VON HERZEN.Unabh√§ngig von deiner Herkunft, Ethnie, Geschlechtsidentit√§t, Religion oder deinen individuellen Voraussetzungen: Bei uns z√§hlt das, was hinter dem Menschen steckt. Als Guards und Guardettes verbindet uns neben unserer Hingabe der Glaube an unser gemeinsames Ziel: Protect the people behind the data. √úberzeuge uns mit deiner Pers√∂nlichkeit und deinen Skills ‚Äì und wir werden gemeinsam Gro√ües bewegen. Wir freuen uns auf dich!"
